{
  "version": "2.0.0-autonomous",
  "timestamp": "2025-11-29T04:07:04.921423",
  "core_system": {
    "foundation_tasks": 13,
    "knowledge_tiers": 66,
    "total_capabilities": 79
  },
  "autonomous_evolution": {
    "completed": "2025-11-29T04:07:04.921430",
    "duration": "<60 minutes",
    "phases_implemented": 6,
    "files_created": 6,
    "test_status": "ALL PASSED"
  },
  "operational_status": {
    "self_monitoring": "ACTIVE",
    "tier_expansion": "ACTIVE",
    "tier_orchestration": "ACTIVE",
    "performance_optimization": "ACTIVE",
    "full_autonomy": "ACTIVE",
    "strategic_planning": "ACTIVE"
  },
  "metrics": {
    "files_monitored": 24586,
    "autonomy_level": 1.0,
    "context_understanding": 0.95,
    "test_pass_rate": 1.0,
    "capability_gaps_detected": 3,
    "tiers_orchestrated": 16,
    "predictions_generated": 2
  }
}