{
  "pack_id": "pack05_5H_plugin_store",
  "capabilities": [
    {
      "id": "pack05_5H_plugin_store.read",
      "name": "Read Access",
      "description": "Read access to Plugin Store metadata/catalog and local index",
      "level": "basic"
    },
    {
      "id": "pack05_5H_plugin_store.write",
      "name": "Write Access",
      "description": "Write access to Plugin Store metadata/catalog and local index",
      "level": "elevated"
    },
    {
      "id": "pack05_5H_plugin_store.admin",
      "name": "Admin Access",
      "description": "Administrative access to Plugin Store metadata/catalog and local index",
      "level": "privileged"
    }
  ]
}