{
  "pack_id": "pack05_5I_versioning_upgrades",
  "capabilities": [
    {
      "id": "pack05_5I_versioning_upgrades.read",
      "name": "Read Access",
      "description": "Read access to Plugin versioning and semantic upgrade engine",
      "level": "basic"
    },
    {
      "id": "pack05_5I_versioning_upgrades.write",
      "name": "Write Access",
      "description": "Write access to Plugin versioning and semantic upgrade engine",
      "level": "elevated"
    },
    {
      "id": "pack05_5I_versioning_upgrades.admin",
      "name": "Admin Access",
      "description": "Administrative access to Plugin versioning and semantic upgrade engine",
      "level": "privileged"
    }
  ]
}