{
  "pack_id": "pack05_5G_permissions_resolver",
  "capabilities": [
    {
      "id": "pack05_5G_permissions_resolver.read",
      "name": "Read Access",
      "description": "Read access to Permissions resolver and runtime enforcement",
      "level": "basic"
    },
    {
      "id": "pack05_5G_permissions_resolver.write",
      "name": "Write Access",
      "description": "Write access to Permissions resolver and runtime enforcement",
      "level": "elevated"
    },
    {
      "id": "pack05_5G_permissions_resolver.admin",
      "name": "Admin Access",
      "description": "Administrative access to Permissions resolver and runtime enforcement",
      "level": "privileged"
    }
  ]
}