{
  "pack_id": "pack05_5E_capability_system",
  "capabilities": [
    {
      "id": "pack05_5E_capability_system.read",
      "name": "Read Access",
      "description": "Read access to Capability System - fine-grained capability engine for plugins",
      "level": "basic"
    },
    {
      "id": "pack05_5E_capability_system.write",
      "name": "Write Access",
      "description": "Write access to Capability System - fine-grained capability engine for plugins",
      "level": "elevated"
    },
    {
      "id": "pack05_5E_capability_system.admin",
      "name": "Admin Access",
      "description": "Administrative access to Capability System - fine-grained capability engine for plugins",
      "level": "privileged"
    }
  ]
}