{
  "pack_id": "pack05_5F_event_hooks",
  "capabilities": [
    {
      "id": "pack05_5F_event_hooks.read",
      "name": "Read Access",
      "description": "Read access to Plugin Event Hooks and Middleware",
      "level": "basic"
    },
    {
      "id": "pack05_5F_event_hooks.write",
      "name": "Write Access",
      "description": "Write access to Plugin Event Hooks and Middleware",
      "level": "elevated"
    },
    {
      "id": "pack05_5F_event_hooks.admin",
      "name": "Admin Access",
      "description": "Administrative access to Plugin Event Hooks and Middleware",
      "level": "privileged"
    }
  ]
}