{
  "pack_id": "pack05_5K_diagnostics",
  "capabilities": [
    {
      "id": "pack05_5K_diagnostics.read",
      "name": "Read Access",
      "description": "Read access to Plugin diagnostics, introspection and traces",
      "level": "basic"
    },
    {
      "id": "pack05_5K_diagnostics.write",
      "name": "Write Access",
      "description": "Write access to Plugin diagnostics, introspection and traces",
      "level": "elevated"
    },
    {
      "id": "pack05_5K_diagnostics.admin",
      "name": "Admin Access",
      "description": "Administrative access to Plugin diagnostics, introspection and traces",
      "level": "privileged"
    }
  ]
}