{
  "pack_id": "pack05_5J_state_persistence",
  "capabilities": [
    {
      "id": "pack05_5J_state_persistence.read",
      "name": "Read Access",
      "description": "Read access to Plugin state persistence and snapshot system",
      "level": "basic"
    },
    {
      "id": "pack05_5J_state_persistence.write",
      "name": "Write Access",
      "description": "Write access to Plugin state persistence and snapshot system",
      "level": "elevated"
    },
    {
      "id": "pack05_5J_state_persistence.admin",
      "name": "Admin Access",
      "description": "Administrative access to Plugin state persistence and snapshot system",
      "level": "privileged"
    }
  ]
}