{
  "pack_id": "pack07_secure_signing",
  "capabilities": [
    {
      "id": "pack07_secure_signing.read",
      "name": "Read Access",
      "description": "Read access to Signing, verification, device identity & HSM hooks",
      "level": "basic"
    },
    {
      "id": "pack07_secure_signing.write",
      "name": "Write Access",
      "description": "Write access to Signing, verification, device identity & HSM hooks",
      "level": "elevated"
    },
    {
      "id": "pack07_secure_signing.admin",
      "name": "Admin Access",
      "description": "Administrative access to Signing, verification, device identity & HSM hooks",
      "level": "privileged"
    }
  ]
}