{
  "name": "Aurora Memory Fabric 2.0",
  "version": "2.0-enhanced",
  "created": "2025-12-05T15:16:30.480078",
  "components": [
    "core/memory_manager.py",
    "core/memory_backup.py",
    "tests/test_memory_system.py",
    "aurora_enhance_all.py"
  ],
  "features": [
    "Multi-layer hybrid memory (short, mid, long-term)",
    "Automatic compression and summarization",
    "Fact and event memory",
    "Semantic recall engine",
    "Multi-project compartments",
    "Persistent storage",
    "Backup and integrity verification"
  ],
  "integration": {
    "core_file": "aurora_core.py",
    "imports_added": [
      "from core.memory_manager import AuroraMemoryManager"
    ],
    "methods_added": [
      "process_message",
      "classify_intent",
      "generate_response",
      "contextual_recall"
    ]
  }
}